{"stats":{"minecraft:picked_up":{"minecraft:firework_rocket":17,"minecraft:written_book":1,"minecraft:redstone":1},"minecraft:custom":{"minecraft:time_since_rest":41148973,"minecraft:crouch_one_cm":547,"minecraft:play_time":41148973,"minecraft:sprint_one_cm":9014,"minecraft:walk_one_cm":84463,"minecraft:sneak_time":1990726,"minecraft:drop":86,"minecraft:aviate_one_cm":131328382,"minecraft:jump":618,"minecraft:leave_game":22,"minecraft:time_since_death":41148973,"minecraft:total_world_time":60646168,"minecraft:fly_one_cm":14628578,"minecraft:target_hit":32},"minecraft:dropped":{"minecraft:spruce_sign":1,"minecraft:sea_lantern":1,"minecraft:black_concrete":1,"minecraft:magenta_wool":1,"minecraft:redstone":1,"minecraft:firework_rocket":81},"minecraft:used":{"minecraft:lever":1,"minecraft:black_concrete":13,"minecraft:repeater":11,"minecraft:firework_rocket":995,"minecraft:magenta_wool":1,"minecraft:written_book":4,"minecraft:redstone":6,"minecraft:elytra":1,"minecraft:stone_button":1,"minecraft:spruce_sign":9,"minecraft:milk_bucket":14,"minecraft:pink_wool":1}},"DataVersion":3700}