{"stats":{"minecraft:picked_up":{"minecraft:redstone":4},"minecraft:custom":{"minecraft:time_since_rest":16490830,"minecraft:crouch_one_cm":1296,"minecraft:play_time":16490830,"minecraft:sprint_one_cm":68807,"minecraft:walk_one_cm":138050,"minecraft:sneak_time":622966,"minecraft:drop":1,"minecraft:aviate_one_cm":5155563,"minecraft:jump":1831,"minecraft:damage_dealt":20,"minecraft:leave_game":9,"minecraft:time_since_death":16490830,"minecraft:total_world_time":16490830,"minecraft:fly_one_cm":6395517},"minecraft:dropped":{"minecraft:netherite_sword":1},"minecraft:used":{"minecraft:purple_stained_glass":7,"minecraft:lever":2,"minecraft:repeater":72,"minecraft:redstone_lamp":1,"minecraft:firework_rocket":44,"minecraft:bow":10,"minecraft:red_wool":22,"minecraft:redstone":31,"minecraft:nether_bricks":1,"minecraft:bamboo_sign":1,"minecraft:stone_button":1,"minecraft:oak_sign":6,"minecraft:redstone_block":4}},"DataVersion":3700}