{"stats":{"minecraft:killed":{"minecraft:ender_dragon":1},"minecraft:picked_up":{"minecraft:torch":2,"minecraft:redstone":6,"minecraft:activator_rail":2,"minecraft:redstone_torch":7},"minecraft:custom":{"minecraft:time_since_rest":6551730,"minecraft:walk_one_cm":87989,"minecraft:sprint_one_cm":197981,"minecraft:damage_taken":20,"minecraft:mob_kills":1,"minecraft:fly_one_cm":10573626,"minecraft:crouch_one_cm":2051,"minecraft:play_time":6551730,"minecraft:sneak_time":259989,"minecraft:interact_with_lectern":1,"minecraft:jump":2900,"minecraft:leave_game":31,"minecraft:time_since_death":6550822,"minecraft:total_world_time":6560596,"minecraft:fall_one_cm":289},"minecraft:used":{"minecraft:redstone_torch":72,"minecraft:purple_stained_glass":1,"minecraft:glass":1,"minecraft:netherite_sword":3,"minecraft:ender_eye":12,"minecraft:writable_book":1,"minecraft:activator_rail":4,"minecraft:command_block":11,"minecraft:light_gray_concrete":1,"minecraft:iron_block":72,"minecraft:red_stained_glass":149,"minecraft:redstone":24,"minecraft:dark_oak_sign":7,"minecraft:stone_button":6,"minecraft:lectern":1,"minecraft:redstone_block":4,"minecraft:glow_ink_sac":5,"minecraft:yellow_wool":6,"minecraft:dragon_egg":33,"minecraft:smooth_red_sandstone_slab":30,"minecraft:repeater":36,"minecraft:black_stained_glass":38,"minecraft:magenta_wool":18,"minecraft:written_book":1,"minecraft:light_blue_wool":7,"minecraft:smooth_red_sandstone":72,"minecraft:orange_wool":3,"minecraft:end_portal_frame":12,"minecraft:ochre_froglight":251,"minecraft:smooth_red_sandstone_stairs":29,"minecraft:light_blue_stained_glass":24}},"DataVersion":3700}