{"stats":{"minecraft:custom":{"minecraft:jump":726,"minecraft:time_since_rest":16005974,"minecraft:crouch_one_cm":165,"minecraft:leave_game":7,"minecraft:sprint_one_cm":32811,"minecraft:play_time":16005974,"minecraft:time_since_death":16005974,"minecraft:walk_one_cm":73280,"minecraft:sneak_time":496295,"minecraft:total_world_time":16005974,"minecraft:drop":2,"minecraft:fly_one_cm":4623178,"minecraft:aviate_one_cm":7440989},"minecraft:dropped":{"minecraft:netherite_sword":2},"minecraft:used":{"minecraft:lever":1,"minecraft:firework_rocket":1,"minecraft:obsidian":7}},"DataVersion":3700}