{"stats":{"minecraft:picked_up":{"minecraft:netherite_sword":35},"minecraft:custom":{"minecraft:open_barrel":1,"minecraft:time_since_rest":6433465,"minecraft:open_chest":2,"minecraft:crouch_one_cm":4932,"minecraft:play_time":6433465,"minecraft:sprint_one_cm":27184,"minecraft:walk_one_cm":80844,"minecraft:sneak_time":163276,"minecraft:mob_kills":1,"minecraft:drop":110,"minecraft:aviate_one_cm":65290386,"minecraft:jump":286,"minecraft:damage_dealt":120,"minecraft:leave_game":5,"minecraft:time_since_death":6433465,"minecraft:total_world_time":6433465,"minecraft:talked_to_villager":1,"minecraft:fly_one_cm":2850592,"minecraft:target_hit":2},"minecraft:dropped":{"minecraft:diamond_boots":1,"minecraft:diamond_chestplate":1,"minecraft:allay_spawn_egg":1,"minecraft:chainmail_leggings":1,"minecraft:chainmail_helmet":1,"minecraft:netherite_sword":35,"minecraft:black_wool":54,"minecraft:chainmail_chestplate":1,"minecraft:chainmail_boots":2,"minecraft:firework_rocket":13},"minecraft:used":{"minecraft:wandering_trader_spawn_egg":3,"minecraft:diamond_chestplate":1,"minecraft:netherite_sword":2,"minecraft:diamond_boots":2,"minecraft:firework_rocket":1521,"minecraft:chainmail_boots":2,"minecraft:chainmail_chestplate":1,"minecraft:elytra":3,"minecraft:chainmail_helmet":1,"minecraft:allay_spawn_egg":1,"minecraft:diamond_leggings":1,"minecraft:chainmail_leggings":1},"minecraft:killed":{"minecraft:wandering_trader":1}},"DataVersion":3700}