{"stats":{"minecraft:picked_up":{"minecraft:redstone_torch":1,"minecraft:redstone":2},"minecraft:custom":{"minecraft:jump":179,"minecraft:time_since_rest":8727617,"minecraft:leave_game":11,"minecraft:sprint_one_cm":28253,"minecraft:play_time":8727617,"minecraft:time_since_death":8727617,"minecraft:walk_one_cm":24181,"minecraft:sneak_time":222882,"minecraft:total_world_time":8727617,"minecraft:fly_one_cm":5574938,"minecraft:aviate_one_cm":934251},"minecraft:used":{"minecraft:redstone_torch":2,"minecraft:jungle_wood":2,"minecraft:jungle_log":1,"minecraft:stone_button":2,"minecraft:lever":1,"minecraft:sea_lantern":1,"minecraft:redstone_lamp":1,"minecraft:magenta_wool":1,"minecraft:stripped_spruce_log":2,"minecraft:redstone":10}},"DataVersion":3700}